"","x"
"1","MT-TF"
"2","MT-TV"
"3","MT-TI"
"4","CXADR"
"5","SLC5A3"
"6","CHAF1B"
"7","MZT1"
"8","RFC3"
"9","CBR1"
"10","SPATA13"
"11","SLC7A1"
"12","FOXO1"
"13","COG3"
"14","DYRK1A"
"15","LRCH1"
"16","RALBP1"
"17","SLC19A1"
"18","TUBGCP3"
"19","TUBGCP3"
"20",""
"21","FARP1"
"22","MIS18A"
"23","GTSE1"
"24","HSPA13"
"25","PHLPP1"
"26","STK35"
"27","PIM3"
"28","PIM3"
"29","JAG1"
"30","JAG1"
"31",""
"32","GAS6"
"33","MED4"
"34","MED4-AS1"
"35","MTCL2"
"36",""
"37","ZNRF3"
"38","RTCB"
"39","SRRD"
"40","PRKX"
"41","SNRPD3"
"42","MAPK1"
"43","KBTBD6"
"44","LATS2"
"45","LRRC3"
"46","TWSG1"
"47","UBE2G2"
"48","SMU1"
"49","ITIH2"
"50","ZFYVE19"
"51","RRP7A"
"52","HMBOX1"
"53","TAB1"
"54","MGAT3"
"55","MIEF1"
"56","PPM1A"
"57","CDH2"
"58","PRTG"
"59","PCNX1"
"60","GID8"
"61","SLC25A37"
"62","DHX15"
"63","B4GALT5"
"64","ATP11A"
"65","CTDSPL2"
"66","BNIP3L"
"67","INTS1"
"68","CCNB2"
"69","SPTSSA"
"70","CKAP2"
"71","RPS21"
"72","FOXK1"
"73","ALDH1A1"
"74","PSAT1"
"75","YY2"
"76","ZC3H7B"
"77","PHYHIPL"
"78","TOB2"
"79","PHF5A"
"80","BMP4"
"81","DESI1"
"82","LAMA5"
"83","MAGEH1"
"84","LSM14B"
"85","ERO1A"
"86","NDUFA4"
"87","ARVCF"
"88","C9orf40"
"89","TANGO2"
"90",""
"91","UBQLN1"
"92",""
"93","EEF1E1"
"94","ADCY9"
"95","ZDHHC8"
"96","NFIL3"
"97","DKK1"
"98","BLOC1S5-TXNDC5"
"99","LAMP1"
"100","LAMP1"
"101","FEM1B"
"102","PML"
"103","SDC4"
"104","FOXQ1"
"105","TFDP1"
"106","XPO4"
"107","CREBBP"
"108","WDFY2"
"109","ARID3A"
"110","ONECUT2"
"111","NARS1"
"112","NARS1"
"113",""
"114","SERINC3"
"115",""
"116","GNB1L"
"117","EDA"
"118","NUP58"
"119","SRSF6"
"120","TFAM"
"121","IFNGR2"
"122","IFNGR2"
"123","KLF3"
"124","HHEX"
"125","YTHDF1"
"126","IREB2"
"127","IREB2"
"128","EDC3"
"129","DNAJA1"
"130","FUNDC1"
"131","TNRC6A"
"132","C22orf39"
"133","C22orf39"
"134","ASB6"
"135","EFNB1"
"136","CDYL"
"137","SPIN4"
"138","MCM5"
"139","PDRG1"
"140","PLAGL2"
"141","MAPRE1"
"142","ARL6IP1"
"143","MAGEC2"
"144","TRAM2"
"145","STK38"
"146","NR6A1"
"147","TBC1D22B"
"148","AMER1"
"149","MRPS26"
"150","ITFG1"
"151","PAPSS1"
"152","ABALON"
"153","SDF2L1"
"154","PPIL2"
"155","STK38L"
"156","PLIN2"
"157","BTBD2"
"158","CPD"
"159","KLHL22"
"160","FAM171A1"
"161","DEPP1"
"162","PET117"
"163","BTG3-AS1"
"164","WWP1"
"165","CCT6A"
"166","PDCL"
"167","ROR2"
"168","MYDGF"
"169","SUMF1"
"170","SON"
"171","ZNF335"
"172","C20orf144"
"173","E2F1"
"174","CHMP4B"
"175","OSBP"
"176","CDS2"
"177","ZFP91"
"178","RPS7"
"179","ACACA"
"180","SLC38A1"
"181","CFAP20"
"182","SGO1-AS1"
"183","OXSR1"
"184","LMTK2"
"185","TMEM51"
"186","BCAR1"
"187","ABTB2"
"188","TUSC2"
"189","CACUL1"
"190","PATL1"
"191","FRAT2"
"192","SMARCC1"
"193","UBL4A"
"194","SLC38A2"
"195","AHNAK"
"196","TOMM22"
"197","CDC6"
"198","NT5DC1"
"199","PSMD3"
"200","PSMD3"
"201","SLX9"
"202",""
"203","CIAPIN1"
"204","MATN3"
"205","CDK9"
"206","GPR157"
"207",""
"208","GNAZ"
"209","WDR59"
"210","BCR"
"211","AKAP10"
"212","MRPL16"
"213","RORA"
"214","ZNF275"
"215","KLHDC4"
"216","CTDSP2"
"217","GDF7"
"218","SEC24D"
"219","SEC24D"
"220","PUDP"
"221","PIEZO1"
"222","EPHA2"
"223","TOMM70"
"224","DNAJC3"
"225","MSL1"
"226","MSL1"
"227","PDZD8"
"228","TM9SF3"
"229","TNFRSF1B"
"230",""
"231","RASA3"
"232","RFWD3"
"233","ZNRF1"
"234","HADHB"
"235","POLR2C"
"236","ACYP1"
"237","TMED10"
"238",""
"239","G6PC1"
"240","SNAP29"
"241","ASCC3"
"242","MIR17HG"
"243","MED30"
"244","CRKL"
"245","RDH10"
"246","PPM1H"
"247",""
"248","TMBIM6"
"249","AGO4"
"250","PPP1R14C"
"251","ADAM10"
"252","ADAM10"
"253","RAB12"
"254","IGFBP4"
"255","RGP1"
"256",""
"257","RCC2"
"258","SERPINE1"
"259","THRAP3"
"260","WNK4"
"261","TMEM158"
"262","TMEM39A"
"263","IGF1R"
"264","SMAD7"
"265","BTG1"
"266","MAN1A1"
"267","SNW1"
"268","CPSF6"
"269","CENPB"
"270",""
"271","C1orf216"
"272","ASNS"
"273","ZMYND19"
"274","ADNP2"
"275","ANKRD40"
"276","MRPL50"
"277","MARCKS"
"278","TNFRSF21"
"279","ZCCHC3"
"280","BUB3"
"281","H1-0"
"282","NDUFAF4"
"283","TMOD3"
"284","DSE"
"285","SDC2"
"286","TMEM242"
"287","RELT"
"288","TFAP4"
"289","LBH"
"290","CCNG2"
"291","SNX4"
"292","CORO7-PAM16"
"293","PERP"
"294","AP1S1"
"295","AP1S1"
"296","NCOA2"
"297","RPL36A-HNRNPH2"
"298","HNRNPH2"
"299","SLC6A8"
"300","RAB11A"
"301","RAB11A"
"302","VASN"
"303","FOXO4"
"304","JAK2"
"305","LMO7"
"306","ADD2"
"307","ZHX2"
"308","PLPP3"
"309","CLMN"
"310","TYMS"
"311","RAB4B-EGLN2"
"312","CAND1"
"313","DERL1"
"314","ZNF428"
"315","RHPN2"
"316","ZNF629"
"317","PRKCA"
"318","CADM4"
"319","ARHGEF17"
"320","HACD2"
"321","ZNF507"
"322","FNIP2"
"323","SAPCD2"
"324","SLC35D1"
"325",""
"326","CSTF1"
"327","TMEM203"
"328","TUBB4B"
"329","NELFB"
"330","TOR4A"
"331","NRARP"
"332","NEDD4L"
"333","USP12"
"334","SH3BGRL2"
"335","FUCA2"
"336","ANKS4B"
"337","HELZ"
"338","APEX2"
"339","APEX2"
"340","TRIB1"
"341","ATAD2"
"342","RNF149"
"343","UQCRC2"
"344","PSMB1"
"345","SOBP"
"346","SOBP"
"347","TOP2A"
"348","ARFGAP3"
"349","NSD3"
"350","TUFM"
"351","TUFM"
"352","CDC25B"
"353","TULP4"
"354","LAPTM4A"
"355","NET1"
"356","NET1"
"357","PHF10"
"358","RABGAP1"
"359","IGF2BP1"
"360","FOXK2"
"361","FOXK2"
"362","SOX12"
"363","PCK2"
"364","STT3A"
"365","TM4SF1"
"366","TM4SF1"
"367","EIF3D"
"368","TAOK2"
"369","TAOK2"
"370","KDM4A"
"371","SIAH2"
"372","SPCS3"
"373","PPP6R1"
"374","ABHD2"
"375","EI24"
"376","EGFL7"
"377","EGFL7"
"378","MFSD9"
"379","DNAJB9"
"380","DNAJB9"
"381","SMNDC1"
"382","ZGPAT"
"383","CRIM1"
"384","LCOR"
"385","MIR4479"
"386","PXYLP1"
"387","CD82"
"388","PHF3"
"389","PHF3"
"390","CD2BP2"
"391","TBC1D10B"
"392",""
"393","GLG1"
"394","SLC25A42"
"395","RNF144B"
"396","NOP9"
"397","HS6ST1"
"398","ATXN7L3B"
"399","YTHDF3"
"400","RNA5SP450"
"401","SOWAHC"
"402","P2RY1"
"403","SUPT5H"
"404","PIGQ"
"405","GRAP2"
"406","CEBPB"
"407","CHCHD2"
"408","TNFSF9"
"409","MIB1"
"410","RAB21"
"411","MESD"
"412","LMAN1"
"413","ZNF740"
"414","IRF2BP1"
"415","HNMT"
"416","MYPOP"
"417","ATMIN"
"418","MLLT10"
"419","HIPK2"
"420","EHD2"
"421","CDC42BPG"
"422","ABCB7"
"423","SAP30"
"424","TCP1"
"425","MED28"
"426","DCAF16"
"427","NCAPG"
"428","MSANTD7"
"429","HBG1"
"430","PEX6"
"431","COA7"
"432","SOX9"
"433","ALG10"
"434","CHST2"
"435","SCAF11"
"436","PLXNC1"
"437","LUC7L2"
"438","AARS1"
"439","FAM117A"
"440","TAPT1"
"441","ING3"
"442","DCAF12"
"443","SPRY1"
"444","POLR2B"
"445","PKN1"
"446","LNPK"
"447","GTPBP4"
"448","FAAP100"
"449","SRF"
"450","TERF2IP"
"451","DNPH1"
"452","TMEM164"
"453","LINC02878"
"454","BCL2L2"
"455","PIAS1"
"456","PPIF"
"457","PPIF"
"458",""
"459",""
"460","ZNF282"
"461","YIPF6"
"462","GTF2A1"
"463","GTF2A1"
"464","GOLIM4"
"465","FTL"
"466","RRAGA"
"467","BEND3P3"
"468","THRA"
"469","CKAP4"
"470","MPRIP"
"471","MPRIP"
"472","RBX1"
"473","SMARCB1"
"474","ZNF326"
"475","COPG2"
"476",""
"477","TENT5C"
"478","ERG28"
"479","TRMT2A"
"480","TMTC3"
"481","CHMP1B"
"482","WDR3"
"483","CCNI"
"484","KLB"
"485","NLGN2"
"486",""
"487","PRDX4"
"488","RPL28"
"489","PIKFYVE"
"490","ANPEP"
"491","OSGIN1"
"492","SNRPB"
"493","SNRPB"
"494","FIZ1"
"495","SURF6"
"496","GPC2"
"497",""
"498","EPN1"
"499","EPN1"
"500","SENP2"
"501","PPP1R35-AS1"
"502","MIR608"
"503","BAMBI"
"504","ZNF511"
"505","CSF1"
"506","UBXN7"
"507","CDIPT"
"508","ETV5"
"509","SERPINA11"
"510",""
"511","LAMC1"
"512","LAMC1"
"513","PPAN"
"514","PPAN"
"515","COX8A"
"516","STIP1"
"517","CMAS"
"518","SFT2D2"
"519","ICAM1"
"520","C6orf47"
"521","STARD8"
"522","SCO1"
"523","CCDC97"
"524","GGA2"
"525","RNF141"
"526","GATA2-AS1"
"527","TRIP11"
"528","ZNF175"
"529","DCTN5"
"530","BRK1"
"531","PDCD7"
"532","CLPX"
"533","LRP1"
"534","SLC39A10"
"535","JUND"
"536","SH3GLB2"
"537","PGPEP1"
"538","UTP20"
"539","PDPK1"
"540","HS3ST3B1"
"541",""
"542","SPHK1"
"543","CCDC85B"
"544","FOSL1"
"545","UBE2O"
"546","XPO5"
"547","TUBGCP2"
"548","DSG2"
"549","UGGT1"
"550","EIF1AD"
"551","PGC"
"552","BANF1"
"553","EIF4EBP2"
"554",""
"555","CHSY1"
"556","CHSY1"
"557","GALNT11"
"558","PNN"
"559","PPP3R1"
"560","PCK1"
"561","LINC01003"
"562","NUP188"
"563","ARL1"
"564","GSR"
"565","GSR"
"566","B4GAT1"
"567","ITPR2"
"568","LSM2"
"569","HSPA1B"
"570","DNAJC12"
"571","ZBTB12"
"572","PEBP1"
"573","PEBP1"
"574","YWHAG"
"575","CHP1"
"576","RPS15"
"577","SLC39A14"
"578","GPSM1"
"579","TIMP3"
"580","POMT1"
"581","KIF18B"
"582","GARRE1"
"583","IVNS1ABP"
"584","SFMBT2"
"585","NEU1"
"586",""
"587","CETN2"
"588","LYL1"
"589","EIF2S3"
"590","KLF13"
"591","ABCF1"
"592","GRWD1"
"593","PAFAH1B2"
"594","GPS2"
"595","PHF6"
"596","RPL18"
"597","CAMK2N2"
"598","SLC35F5"
"599","B3GNT2"
"600","PTPRK"
"601","TNKS1BP1"
"602","SSRP1"
"603","TOMM20"
"604","TADA1"
"605","BNIP3"
"606","RNF216"
"607","ZMIZ1"
"608","PSAP"
"609","MRPL12"
"610","MARCHF7"
"611","SLC17A7"
"612","DGCR2"
"613","ADIPOR2"
"614","ADIPOR2"
"615","NKD1"
"616","NKD1"
"617","NSL1"
"618","ACIN1"
"619",""
"620","H3-3B"
"621","PPP2R5A"
"622","FKBP14"
"623","TRIM47"
"624",""
"625","TRIM65"
"626","MYORG"
"627","YME1L1"
"628",""
"629","PFKFB2"
"630","SRP68"
"631","UGCG"
"632","COIL"
"633","NCS1"
"634","SPTB"
"635","ZNF189"
"636","CMTR1"
"637","KLF9"
"638","PIGU"
"639","MARS1"
"640","DYNLL2"
"641","CHAF1A"
"642","CHAF1A"
"643","STRN3"
"644","MBD6"
"645","NEK7"
"646","UVSSA"
"647",""
"648","PYURF"
"649","NUP133"
"650","PATZ1"
"651","KLF16"
"652","DRG1"
"653","CSNK1G2"
"654","CSNK1G2"
"655","LMNB2"
"656","SLC31A1"
"657","ZNF787"
"658","ZNF444"
"659","ADSS2"
"660","TMPO"
"661","TMPO"
"662","C9orf43"
"663","TM9SF4"
"664","NDUFB7"
"665","CLSTN3"
"666","CLSTN3"
"667","SULF2"
"668","PPIA"
"669","PHAF1"
"670","ACVR2B"
"671","H2AZ2"
"672","ZFTA"
"673","SPINDOC"
"674","EXT1"
"675","PABPN1"
"676","KANK1"
"677","FHOD1"
"678","RASSF7"
"679","ATF6B"
"680","CTXN1"
"681","SH3BP5L"
"682","SPPL2B"
"683","CPN2"
"684","NSMCE3"
"685","SPAG5"
"686","BHLHE40"
"687","BHLHE40"
"688","PTGS1"
"689","ARL8B"
"690","EDEM1"
"691","TERF2"
"692","ATRN"
"693","RNF5"
"694","RNF5"
"695","PBX2"
"696","MAGEF1"
"697","AP1AR"
"698","AP1AR"
"699",""
"700","MIR760"
"701","MFSD10"
"702","E2F2"
"703","ID3"
"704","IER3"
"705","LAGE3"
"706","MRPL35"
"707","ATP1A1"
"708","RPS6KA3"
"709","ZNF771"
"710","ZNF768"
"711","RAD21-AS1"
"712",""
"713","ZNF689"
"714","POP7"
"715","KIFC2"
"716","EPHB4"
"717","JUNB"
"718","PRDX2"
"719","RECQL4"
"720","IRF2BPL"
"721",""
"722","ZNF512B"
"723","SRPRA"
"724","SRR"
"725","C8orf82"
"726","PGD"
"727","PGD"
"728","RPN2"
"729","DAGLB"
"730","PLA2G12A"
"731","SLC4A2"
"732","AQP3"
"733","TIMM17B"
"734","VIM"
"735","VIM"
"736","NGRN"
"737","TRAF2"
"738","TLE5"
"739","KPNB1"
"740","ZNF337-AS1"
"741","WDR13"
"742","BMI1"
"743","STXBP3"
"744","TSPAN33"
"745","HNF4A"
"746","CTSD"
"747","PDK1"
"748","RFX1"
"749","DHH"
"750",""
"751","ASF1B"
"752","NMD3"
"753","ARF3"
"754","UBQLN4"
"755","SMG5"
"756","ABCA2"
"757","RRM2B"
"758","FRAS1"
"759","SLC39A13"
"760","HEXIM1"
"761",""
"762","DIRAS1"
"763","ATN1"
"764","RETREG2"
"765","ZNF518A"
"766","TPI1"
"767",""
"768","MYBBP1A"
"769","KCTD5"
"770","ETNK1"
"771","PHLDA1-AS1"
"772","NAP1L1"
"773","FBXO46"
"774","SEMA6B"
"775","TRIM71"
"776","UXS1"
"777",""
"778","MZT2B"
"779","WFS1"
"780","CCN2"
"781","AFF1"
"782","ZKSCAN8"
"783","ZHX1"
"784","RING1"
"785","PRKD2"
"786","RNF40"
"787","SNX8"
"788","RGL2"
"789","HERC2"
"790","AQP1"
"791","TLNRD1"
"792","KIFC1"
"793","KIFC1"
"794","PPM1G"
"795","ZYX"
"796","CNOT1"
"797","REEP6"
"798",""
"799","NUP43"
"800","ST6GAL1"
"801","IMPA1"
"802","PAK2"
"803","PAK2"
"804","GPAT4"
"805","TMED2"
"806","LPCAT4"
"807","SLC16A3"
"808","MRFAP1L1"
"809","ASXL1"
"810","ASXL1"
"811","SGPL1"
"812","RSPRY1"
"813","DDR1"
"814","RPRD1B"
"815",""
"816","EMP2"
"817","ARHGDIA"
"818","RAB22A"
"819","RRP8"
"820","PDLIM1"
"821","ITPRIPL2"
"822","ALYREF"
"823","AGO2"
"824","MED10"
"825","TNK2-AS1"
"826","HELLS"
"827","ZNF609"
"828","JRKL"
"829","MAFG"
"830","MAFG-AS1"
"831","PTPN12"
"832","CARHSP1"
"833","RTF1"
"834","PGAP6"
"835","TRIB3"
"836","NME4"
"837","ZFR"
"838","CKS2"
"839","NPM3"
"840","SEC61B"
"841","CCDC6"
"842","CNTNAP1"
"843","AP1G1"
"844","IPO7"
"845","VPS25"
"846","UFL1"
"847","MBOAT7"
"848","ZNF316"
"849","TRIM56"
"850","PIN4"
"851","HLA-C"
"852","ARHGAP18"
"853","AUNIP"
"854","PRKCB"
"855","TKFC"
"856","MKNK2"
"857","MKNK2"
"858","RBBP6"
"859","HAPSTR1"
"860","HAPSTR1"
"861","RPS8"
"862","MED13L"
"863","DAB2IP"
"864","HMGB3"
"865","NR2F6"
"866","ZNF703"
"867","GOLGA2"
"868","NECTIN2"
"869","FAM98B"
"870","FAM98B"
"871","APOC4-APOC2"
"872","C2orf69"
"873","GANAB"
"874","BAG4"
"875","REPIN1"
"876","ZNF775"
"877","RREB1"
"878","UBALD2"
"879","KLHL23"
"880","SSB"
"881","INTS5"
"882","FZR1"
"883","ARSB"
"884","BICD2"
"885","HNRNPUL2"
"886","ANP32B"
"887","RSRC2"
"888","MIA3"
"889","FKBP8"
"890","ITGA2"
"891","SCARA3"
"892","KXD1"
"893","PSMC3"
"894","CES2"
"895","CES2"
"896","UBA52"
"897",""
"898","PBK"
"899","CPE"
"900","MIA2"
"901","ACVR1B"
"902","BAZ1B"
"903","BAZ1B"
"904","FAT1"
"905","FAT1"
"906","DNASE1"
"907","MXD4"
"908","POLR1G"
"909","POM121C"
"910","GOLPH3"
"911","MCAM"
"912","LTBR"
"913","DENND4B"
"914","ARL5B"
"915","ATP5F1B"
"916","AZIN1"
"917","AATK"
"918",""
"919","NACA"
"920",""
"921","MEX3D"
"922","BAZ1A-AS1"
"923","LAMP2"
"924","TRIM25"
"925","SMS"
"926","MCUR1"
"927","FN3KRP"
"928","TBCD"
"929","ZNF267"
"930","AHSA1"
"931","COPZ1"
"932","ERH"
"933","CREBZF"
"934","NCAPD2"
"935","SEL1L"
"936","GLRX2"
"937","NSUN3"
"938","PLEKHF2"
"939","HECTD1"
"940","BAG6"
"941","CDR2"
"942","CDR2"
"943","RHOB"
"944","PPP1R9B"
"945","KLC1"
"946","LRRC59"
"947","CCDC71L"
"948","MGA"
"949","C15orf39"
"950","CMIP"
"951","CMIP"
"952","CMIP"
"953","ATP6V0D1"
"954","TTYH1"
"955","NEIL1"
"956","PPIL1"
"957","C6orf89"
"958","METTL6"
"959","EAF1"
"960","PIM1"
"961","FOXA1"
"962","FOXA1"
"963","MAP1B"
"964","EMC10"
"965","HMGA2"
"966","FAM171A2"
"967","RPL36"
"968","MIDEAS"
"969","VPS39"
"970","MOB1A"
"971","ABCB10"
"972","KDM6A"
"973","MBTPS1"
"974","FKBP3"
"975","SERINC1"
"976","TMA7"
"977","PFKFB4"
"978","NDUFA11"
"979","DNM1"
"980","PIAS4"
"981","ZBTB7A"
"982","IFIT5"
"983","TSR2"
"984",""
"985","HOOK3"
"986","PUF60"
"987","PELO"
"988","MECP2"
"989","BRIP1"
"990","MAPKAPK2"
"991","LSM11"
"992","EEF2K"
"993","SEMA7A"
"994","ARPC4"
"995","H3-3A"
"996","ACBD3"
"997","TTC33"
"998","BTNL9"
"999","SEMA3G"
"1000","KLF1"
"1001","PHF23"
"1002","UBAC1"
"1003",""
"1004","PTPN23"
"1005","QSOX2"
"1006","NFKBIA"
"1007","KMT2B"
"1008","DHX30"
"1009","SF3B5"
"1010","ASPH"
"1011","POLD1"
"1012","ZNF518B"
"1013","ZNF367"
"1014","RCOR1"
"1015","PLXNA1"
"1016","ATF5"
"1017","B4GALT1"
"1018","DOT1L"
"1019","ZNF777"
"1020","ZFP41"
"1021","FBL"
"1022","NIPAL3"
"1023","ELL2"
"1024","ASH1L"
"1025","LEMD3"
"1026","LEMD3"
"1027","MARCKSL1"
"1028","MYC"
"1029","MYC"
"1030","MAFK"
"1031","UBE2G1"
"1032","PRR12"
"1033","OIP5-AS1"
"1034","ULK1"
"1035","PUS1"
"1036","THAP11"
"1037","EDC4"
"1038","BUB1"
"1039",""
"1040","USF1"
"1041","PDAP1"
"1042","MEPCE"
"1043","TRIM73"
"1044","FBRSL1"
"1045","GALNT12"
"1046","ZFPM1"
"1047","ZC3H18"
"1048","DCP1A"
"1049","DCAF15"
"1050","ERLIN1"
"1051","MVD"
"1052","TMEM248"
"1053","WDR5"
"1054","SCD"
"1055","ZFP36L1"
"1056","ZNF503"
"1057","EVL"
"1058","ZNF503-AS2"
"1059",""
"1060","ITGB5"
"1061","ATP6V1B2"
"1062","THBS1"
"1063","THBS1"
"1064","CDT1"
"1065","NUP153-AS1"
"1066","TRIM28"
"1067","TRIM28"
"1068","ARPC3"
"1069","UBE2M"
"1070","KRT19"
"1071","NDST1"
"1072","MIER1"
"1073","CDON"
"1074","PPTC7"
"1075","CNNM4"
"1076","TRAF3IP2-AS1"
"1077","SEMA4C"
"1078","GRK6"
"1079","TAB2"
"1080","CBX2"
"1081","DHTKD1"
"1082","ELAVL1"
"1083","ELOVL2"
"1084","PLBD2"
"1085","SMIM13"
"1086","MAP1S"
"1087","KCNK5"
"1088","DLC1"
"1089","WDR90"
"1090","GDF15"
"1091","GDF15"
"1092","EHBP1L1"
"1093","EHBP1L1"
"1094","RAB11FIP4"
"1095","RPS26"
"1096","PCNX3"
"1097","PCNX3"
"1098","TET1"
"1099","ILRUN-AS1"
"1100","SMARCC2"
"1101","SMARCC2"
"1102","FADD"
"1103","UBB"
"1104","SFXN4"
"1105","PRDX3"
"1106","MIR4681"
"1107","SAMD4B"
"1108","SAMD4B"
"1109","C2"
"1110","GPR108"
"1111","NUDCD3"
"1112","ANKRD52"
"1113","CS"
"1114","KDM4C"
"1115","CEP43"
"1116","NKIRAS2"
"1117","NDUFS6"
"1118","DAXX"
"1119","MMP15"
"1120","RAI1"
"1121","TRAF4"
"1122","TENT4A"
"1123","TENT4A"
"1124","COPG1"
"1125","CLCN7"
"1126","EPDR1"
"1127","CEMIP2"
"1128","CEMIP2"
"1129","NOC2L"
"1130","RBM42"
"1131","FAHD1"
"1132","AGRN"
"1133","AGRN"
"1134","MRPL37"
"1135","MED16"
"1136","TCAIM"
"1137","UBE2Q1"
"1138","LINC02604"
"1139","ZMAT2"
"1140","INPPL1"
"1141","INPPL1"
"1142","RPS27A"
"1143","RABGGTB"
"1144","WNK1"
"1145","LINC01013"
"1146","ZFHX3-AS1"
"1147","TET3"
"1148","FBXO31"
"1149","ATP2A2"
"1150",""
"1151","GEMIN5"
"1152","FEM1A"
"1153","CDK2"
"1154","NES"
"1155","EPOP"
"1156","MLLT6"
"1157","PEAK3"
"1158","PIP4K2B"
"1159","PLRG1"
"1160","PRRC2A"
"1161","PRRC2A"
"1162","DUSP16"
"1163","DUSP16"
"1164","FGA"
"1165","ERP29"
"1166","H2AX"
"1167","UBE2K"
"1168","PDS5A"
"1169","RTCA"
"1170","VEGFA"
"1171","RPS19"
"1172","SIK2"
"1173","CAPN15"
"1174","ANAPC7"
"1175","BCL2L12"
"1176","RPIA"
"1177","SNRNP27"
"1178","KIF1C"
"1179","KIF1C"
"1180","LRCH4"
"1181","CHST13"
"1182","AP2A2"
"1183","ATF7"
"1184","ABT1"
"1185","FOXRED1"
"1186","NUFIP2"
"1187","CHST10"
"1188","CREB3L2"
"1189","RNA5SP355"
"1190","POLR1F"
"1191","SETD5"
"1192","SEC24A"
"1193","SF3B4"
"1194","KRT18"
"1195","NEDD9"
"1196","TSPAN17"
"1197","METAP1"
"1198","RNF26"
"1199","RAB10"
"1200","RRN3"
"1201","NPM1"
"1202","SRP9"
"1203","ADH4"
"1204","DVL3"
"1205","CCND1"
"1206","SEC62"
"1207","MLEC"
"1208","UNC119B"
"1209","ACADS"
"1210","CD2AP"
"1211","SPPL3"
"1212","ARHGAP35"
"1213","KMT2D"
"1214","KMT2D"
"1215","NCBP2AS2"
"1216","RYBP"
"1217","CCDC9"
"1218","SH2B1"
"1219",""
"1220","SHCBP1"
"1221","DNAJA2"
"1222","U2AF2"
"1223","MAP3K10"
"1224","ZFYVE9"
"1225","P4HA2"
"1226","SNAP47"
"1227","CCDC47"
"1228","PNRC1"
"1229","CAPZA2"
"1230","DCBLD2"
"1231","MDM2"
"1232","TNFAIP3"
"1233","ARSI"
"1234","PPP2R1A"
"1235",""
"1236","TMC6"
"1237","CYTH3"
"1238","FAM53C"
"1239","EGR1"
"1240","ZKSCAN1"
"1241","UNC13D"
"1242","PPP1R15A"
"1243","PPP1R15A"
"1244","CTC1"
"1245","RAB35"
"1246","GCN1"
"1247","DGKZ"
"1248","EFHD2"
"1249","TCF3"
"1250","VAT1"
"1251","UBE3C"
"1252","AP2A1"
"1253","ISOC1"
"1254","FABP5P3"
"1255","CDCA5"
"1256","CDCA5"
"1257",""
"1258",""
"1259","STC2"
"1260","IER5"
"1261","IMMT"
"1262","SSU72"
"1263","CLK1"
"1264","CAB39"
"1265","DENND5B"
"1266","DCP2"
"1267","CEBPA"
"1268","TSC2"
"1269","EIF2AK1"
"1270","DYRK3"
"1271","STMP1"
"1272","CFLAR"
"1273","CFLAR"
"1274","RPRD2"
"1275","MTPN"
"1276","RBMS1"
"1277","KLHDC10"
"1278","KLHDC10"
"1279","NECTIN1"
"1280","BCAM"
"1281","SELENOI"
"1282","POLR2E"
"1283","GPX4"
"1284","PTPRS"
"1285","PTOV1"
"1286","ATF1"
"1287",""
"1288","FRMD8"
"1289","CCDC88A"
"1290","RELA"
"1291","RCC1"
"1292","ADPRS"
"1293","STT3B"
"1294","MAP7D1"
"1295","C11orf24"
"1296","HNRNPL"
"1297","SH3D21"
"1298","HIVEP1"
"1299","TRIM41"
"1300","TXNRD1"
"1301","SLC12A7"
"1302","RIMOC1"
"1303","ETV3"
"1304","HSPA4"
"1305","PYGO2"
"1306","BDP1"
"1307","FER"
"1308","NEAT1"
"1309","ZBTB7B"
"1310","ZNF865"
"1311","MAST4"
"1312","TMEM214"
"1313","SLC5A6"
"1314","OTUD7B"
"1315","TAF7"
"1316","FKBP4"
"1317","TXNIP"
"1318","TIGD3"
"1319","DUSP1"
"1320","COX5B"
"1321","ACTR1B"
"1322","RNF44"
"1323","MSANTD4"
"1324",""
"1325","LARP1"
"1326","NUDC"
"1327","NR0B2"
"1328","ZC3H8"
"1329","CEP85"
"1330","NDC1"
"1331","BTG1-DT"
"1332","LMAN2"
"1333","CNPY2-AS1"
"1334","RAB35-AS1"
"1335","TSPOAP1-AS1"
"1336",""
"1337","SAMD1"
"1338","PRPF8"
"1339",""
"1340","PRKAA1"
"1341","USP39"
"1342","NOTCH2"
"1343","CCNB1"
"1344","CCNB1"
"1345","SMCR8"
"1346","MSL2"
"1347","KDM5A"
"1348","PRKAA2"
"1349","HIGD2A"
"1350","HEG1"
"1351","TMED9"
"1352","NEK4"
"1353","KLHL17"
"1354","N4BP3"
"1355","MLLT1"
"1356","STK11"
"1357","ZFP36"
"1358","CHPF"
"1359","NAA50"
"1360","MYO18A"
"1361","GM2A"
"1362","SYMPK"
"1363",""
"1364","PDLIM7"
"1365","ALDH9A1"
"1366","HOXB2"
"1367","HOXB4"
"1368","HOXB9"
"1369","ERF"
"1370","H2BC21"
"1371","FLJ13224"
"1372","TAOK1"
"1373","ZBED3"
"1374","FZD5"
"1375","ARSK"
"1376","SERTAD2"
"1377",""
"1378","TAF13"
"1379","EPRS1"
"1380","EPRS1"
"1381","AFTPH"
"1382","IARS2"
"1383","LRP4"
"1384","PITX1"
"1385","CBX4"
"1386","CBX4"
"1387","FZD4"
"1388","RNF213"
"1389","QSER1"
"1390","QSER1"
"1391","ARL4D"
"1392","MARK2"
"1393","HTRA2"
"1394","LRRC45"
"1395","KMT2A"
"1396","SP5"
"1397","SP5"
"1398","EIF1B"
"1399","RASSF3"
"1400",""
"1401","LPCAT1"
"1402","PHF13"
"1403","ADIPOR1"
"1404",""
"1405","POLR1B"
"1406","BCL7A"
"1407","MLXIP"
"1408","CRLF3"
"1409","FYTTD1"
"1410","PCYOX1"
"1411","PCYOX1"
"1412","CRY1"
"1413","FOSL2"
"1414","CHEK1"
"1415","WDR43"
"1416","SPI1"
"1417","GRN"
"1418","PPP4R2"
"1419","GPATCH8"
"1420","CLCC1"
"1421","HNRNPA0"
"1422","MED1"
"1423","CDK12"
"1424","MANF"
"1425","C5orf15"
"1426","DUSP6"
"1427",""
"1428","TUBA1A"
"1429","CHD1"
"1430","SREBF1"
"1431","SREBF1"
"1432","CHD1-DT"
"1433","DAP"
"1434","PKP3"
"1435","SORL1"
"1436","SF3B6"
"1437","BCL6"
"1438",""
"1439","CHMP3-AS1"
"1440","RNF103"
"1441","SPATA20"
"1442","SARS1"
"1443","MED13"
"1444","CELSR2"
"1445","CELSR2"
"1446","AGAP1"
"1447","MRPL44"
"1448","RMND5A"
"1449","VAMP2"
"1450","BLTP2"
"1451","NFE2L2"
"1452","MAML1"
"1453","HES1"
"1454","TMEM43"
"1455","UQCRC1"
"1456","RBM22"
"1457","TGFBR2"
"1458","KSR1"
"1459","PANK3"
"1460","RICTOR"
"1461","CLTC"
"1462","WDR82"
"1463","CPOX"
"1464","CPOX"
"1465","ZC3H15"
"1466","PPP1CB"
"1467","DEPDC1B"
"1468","TEX261"
"1469","MCM2"
"1470","STAT3"
"1471","LNPEP"
"1472","SNORD3B-1"
"1473","TRIP12"
"1474","PUM2"
"1475","ATG12"
"1476","ZFP36L2"
"1477","TP53BP2"
"1478","B3GALT6"
"1479","APH1A"
"1480","ACAP3"
"1481","GLS"
"1482","TMEM201"
"1483","MCM6"
"1484","ARF1"
"1485","ARF1"
"1486","WASF2"
"1487","PASK"
"1488","NFIA"
"1489","ATL2"
"1490","ATL2"
"1491","STRN"
"1492","MERTK"
"1493","ZNF687"
"1494","CNOT9"
"1495","CNOT9"
"1496","FAM136A"
"1497",""
"1498","INO80D"
"1499","TARDBP"
"1500","TARDBP"
"1501","DNAJB4"
"1502","GATAD2B"
"1503","STARD7"
"1504","SNRNP200"
"1505","SPEN"
"1506","SPRED2"
"1507","SKI"
"1508","TOR3A"
"1509","TOR1AIP2"
"1510","BTG2"
"1511","RPL22"
"1512","PTGER3"
"1513","KIAA2013"
"1514","YRDC"
"1515","LRRC41"
"1516","TRIM33"
"1517","BCAS2"
"1518","CHTOP"
"1519","PROX1"
"1520","PROX1"
"1521","DEGS1"
"1522","CNIH3"
"1523","PLEKHM2"
"1524","ASAP3"
"1525","LAPTM5"
"1526","CDC73"
"1527","LYPLA2"
"1528","ARID1A"
"1529","PCSK9"
"1530","PRDX6"
"1531","DHRS3"
"1532","TRMT1L"
"1533","NUCKS1"
"1534","SLC41A1"
"1535","ARHGEF11"
